MATRICULA,ANO_INGRESSO,ANO_EVASAO,PERIODO_INGRESSO,SEXO,FAIXA_ETARIA,IDADE,ETNIA,ESTADO_CIVIL,TEMPO_CURSO,PERIODO_ATUAL,POSICAO_SEM,COD_COTA,MEDIA_REFEICOES_SEM_RU,MEDIA_RETIRADAS_SEM_BIBLIOTECA,BOLSISTA,MORADIA_CEU,MONITORIA,FORMACAO_ENSINO_MEDIO,INICIOU_CURSO_SUPERIOR,COMO_MANTER_DURANTE_CURSO,MOTIVO_OPTOU_CURSO,PLANO_ENSINO,ORIENTACAO_LABORATORIOS,ATUACAO_COORDENADOR,PRATICA_ESTAGIO,CORPO_DOCENTE,APROVADAS,REPROVADAS,REP_FREQ,DISP_NOTA,TRANC_TOT,TRANC_PARC,MATRICULADAS,TOTAL,MEDIA,DESEMP_ACAD,MEDIA_DISC_MATRICULA,ATEND_PSICOSOCIAL,BOLSA_BSE,BOLSA_BSE_ATIVA_SEM,BOLSA_BSE_SITUACAO,BOLSA_BSE_TEMPO_TOTAL_DIAS,BOLSA_BSE_TEMPO_CORRENTE_DIAS,BOLSA_BSE_DT_INICIO,BOLSA_BSE_DT_TERMINO,NOTA_LING,NOTA_HUMA,NOTA_NATU,NOTA_MATE,NOTA_REDA,MEDIDA_BAIRRO,DIASACESSOONLINE,TOTAL_SESSOES,TEMPO_TOTAL_SEG,TOTAL_HIGHLIGHTS,TOTAL_BOOKMARKS,PREVISAO_ANTERIOR,DIFICULDADE_ESTUDANTE,CRA,MEDIA_APROVADAS,MEDIA_REPROVADAS,MEDIA_REP_FREQ,MEDIA_DISP_NOTA,MEDIA_MATRICULADAS,TOTAL_PROJETOS,CEP_ENDERECO,PRIMEIRA_GERACAO_SUPERIOR,ANO_INGRESSO_INSTITUICAO,IDADE_INGRESSO_CURSO,INGRESSO_MESMO_CURSO,MATRICULAS_OUTRO_CURSO,TIPO_CHAMADA_INGRESSO,FORMA_EVASAO,CLASSE
'202010936',2020,,'1. Semestre','M',2,33,'BRANCA','Não informado',3,6,-1,'N',0.0,0.0, 'F', 'F', 'F','Privada',?,?,?,?,?,?,?,?,16,0,0,0,0,0,5,21,8.78,1,3.5, 'Nao', 'F', 'F',?,0,0,?,?,607.00,658.10,573.30,678.40,620.00,2,1          ,1          ,87         ,0          ,0          ,8          ,0.5531286078734032,8.73,0.761,0.0,0.0,0.0,0.238,0,97060001,'S',2014,30,0,2,'Listão','Aluno Regular','Regular'
'201620449',2016,,'2. Semestre','M',3,49,'BRANCA','Não informado',7,6,-8,'N',0.0,0.0, 'F', 'F', 'F','Privada',?,?,?,?,?,?,?,?,19,7,6,0,0,0,1,33,4.37,-1,2.35, 'Nao', 'F', 'F',?,0,0,?,?,670.60,670.70,628.00,671.60,520.00,2,?,?,?,?,?,8          ,0.1165116406978254,4.94,0.575,0.212,0.181,0.0,0.03,1,97010493,'N',2009,41,0,1,'Listão','Aluno Regular','Regular'
'202210025',2022,,'1. Semestre','M',3,43,'BRANCA','Não informado',1,4,1,'N',0.0,0.0, 'F', 'F', 'F','Pública',?,?,?,?,?,?,?,?,13,3,0,0,0,0,5,21,6.83,0,10.5, 'Nao', 'F', 'F',?,0,0,?,?,622.60,693.70,605.30,712.80,640.00,3,?,?,?,?,?,6          ,0.2843453210104617,6.88,0.619,0.142,0.0,0.0,0.238,0,97090025,'N',2006,41,0,1,'Listão','Aluno Regular','Regular'
'201720283',2017,,'2. Semestre','F',3,40,'OUTRA','Solteiro(a)',6,6,-6,'N',0.0,0.0, 'F', 'F', 'F','Pública',?,?,?,?,?,?,?,?,16,8,0,5,2,2,0,33,5.67,0,2.75, 'Nao', 'F', 'F',?,0,0,?,?,?,?,?,?,?,?,2          ,7          ,804        ,0          ,1          ,5          ,0.0275360518187457,5.58,0.484,0.242,0.0,0.151,0.0,1,?,'N',2001,33,0,2,'Listão','Aluno Regular','Regular'
'202312018',2023,,'1. Semestre','M',1,21,'BRANCA','Não informado',0,2,1,'S',0.0,0.0, 'F', 'F', 'F','Pública',?,?,?,?,?,?,?,?,5,0,0,0,0,0,5,10,9.47,1,1.0, 'Nao', 'F', 'F',?,0,0,?,?,583.30,574.50,605.80,688.80,700.00,?,3          ,18         ,2404       ,1          ,0          ,?,0.2247750169908236,9.19,0.5,0.0,0.0,0.0,0.5,1,?,'S',2022,20,0,1,'Chamada','Aluno Regular','Regular'
'202310028',2023,,'1. Semestre','M',1,18,'BRANCA','Não informado',0,2,1,'N',57.0,0.0, 'F', 'F', 'F','Pública',?,?,?,?,?,?,?,?,5,0,0,0,0,0,5,10,8.52,1,1.0, 'Nao', 'F', 'F',?,0,0,?,?,583.20,636.20,620.70,686.50,800.00,4,?,?,?,?,?,?,0.2247750169908236,8.26,0.5,0.0,0.0,0.0,0.5,1,97210000,'N',2023,18,0,0,'Listão','Aluno Regular','Regular'
'202211493',2022,,'1. Semestre','F',1,20,'BRANCA','Não informado',1,4,1,'S',26.0,0.0, 'T', 'F', 'F','Pública',?,?,?,?,?,?,?,?,12,4,1,2,0,0,6,25,6.53,0,12.5, 'Nao', 'T', 'T', 'A',1575,503,'08/04/2022','31/07/2026',553.40,587.20,459.10,622.90,660.00,?,?,?,?,?,?,5          ,0.1521386452889147,6.62,0.48,0.16,0.04,0.08,0.24,1,?,'N',2021,19,0,1,'Chamada','Aluno Regular','Regular'
'202310174',2023,,'1. Semestre','F',1,18,'BRANCA','Não informado',0,2,1,'N',0.0,1.0, 'F', 'F', 'F','Pública',?,?,?,?,?,?,?,?,4,1,0,0,0,0,4,9,8.01,1,1.0, 'Nao', 'F', 'F',?,0,0,?,?,651.10,635.00,550.70,636.20,860.00,2,?,?,?,?,?,?,0.0517957256263869,7.59,0.444,0.111,0.0,0.0,0.444,1,97010290,'N',2023,17,0,0,'Listão','Aluno Regular','Regular'
'202110103',2021,,'1. Semestre','M',1,21,'OUTRA','Não informado',2,4,-1,'S',80.0,0.0, 'F', 'F', 'F','Pública',?,?,?,?,?,?,?,?,17,0,0,0,0,0,7,24,8.7,1,6.0, 'Nao', 'F', 'F',?,0,0,?,?,597.60,578.40,603.90,774.40,540.00,2,?,?,?,?,?,8          ,0.5357998302700194,8.68,0.708,0.0,0.0,0.0,0.291,1,97015280,'N',2021,18,0,0,'Listão','Aluno Regular','Regular'
'202312024',2023,,'1. Semestre','M',1,21,'BRANCA','Não informado',0,2,1,'S',0.0,0.0, 'F', 'F', 'F','Pública',?,?,?,?,?,?,?,?,0,0,5,0,0,0,2,7,0.51,-1,1.0, 'Nao', 'F', 'F',?,0,0,?,?,603.60,611.70,594.80,651.50,680.00,1,?,?,?,?,?,?,-0.2697300203889884,0.46,0.0,0.0,0.714,0.0,0.285,1,97105350,'S',2023,20,0,0,'Chamada','Aluno Regular','Regular'
'201812979',2018,,'1. Semestre','M',2,28,'BRANCA','Não informado',5,6,-5,'N',10.0,0.0, 'F', 'F', 'F','Pública',?,?,?,?,?,?,?,?,23,11,2,1,0,0,6,43,5.29,0,4.3, 'Nao', 'F', 'F',?,0,0,?,?,576.30,614.90,639.20,703.50,480.00,4,?,?,?,?,?,4          ,0.0696211264662141,5.73,0.534,0.255,0.046,0.023,0.139,0,98160000,'N',2018,22,0,0,'Chamada','Aluno Regular','Regular'
'202210137',2022,,'1. Semestre','M',1,22,'BRANCA','Não informado',1,4,1,'N',212.0,0.0, 'T', 'F', 'F','Privada',?,?,?,?,?,?,?,?,13,1,1,0,0,0,5,20,6.94,0,10.0, 'Nao', 'F', 'F',?,0,0,?,?,600.20,645.70,626.00,707.30,840.00,1,?,?,?,?,?,5          ,0.4022512412783998,6.97,0.65,0.05,0.05,0.0,0.25,1,97105120,'N',2022,20,0,0,'Listão','Aluno Regular','Regular'
'202011334',2020,,'1. Semestre','M',1,23,'BRANCA','Não informado',3,6,-1,'S',6.0,1.0, 'F', 'F', 'F','Não Informado',?,?,?,?,?,?,?,?,27,3,0,1,0,1,2,34,7.49,1,5.66, 'Nao', 'F', 'F',?,0,0,?,?,590.90,589.70,529.00,676.30,700.00,2,?,?,?,?,?,?,0.4042414008007621,7.38,0.794,0.088,0.0,0.029,0.058,0,97010080,'N',2016,19,0,1,'Listão','Aluno Regular','Regular'
'202010906',2020,,'1. Semestre','M',1,21,'BRANCA','Não informado',3,6,-1,'N',0.0,0.0, 'F', 'F', 'F','Privada',?,?,?,?,?,?,?,?,14,10,0,0,0,0,6,30,5.51,0,5.0, 'Nao', 'F', 'F',?,0,0,?,?,627.90,606.50,561.90,681.20,880.00,4,?,?,?,?,?,9          ,0.0477234636575039,5.23,0.466,0.333,0.0,0.0,0.2,0,97574480,'N',2020,18,0,0,'Listão','Aluno Regular','Regular'
'202111707',2021,,'1. Semestre','F',1,21,'OUTRA','Não informado',2,6,1,'S',123.0,0.0, 'T', 'F', 'F','Pública',?,?,?,?,?,?,?,?,27,1,0,1,0,0,6,35,8.48,1,8.75, 'Nao', 'T', 'T', 'A',1059,352,'06/09/2022','31/07/2025',563.40,614.30,562.00,533.40,840.00,1,2          ,11         ,1149       ,0          ,0          ,3          ,0.4197093699634818,8.31,0.771,0.028,0.0,0.028,0.171,1,97105380,'N',2021,18,0,0,'Listão','Aluno Regular','Regular'
'201912620',2019,,'1. Semestre','M',2,32,'BRANCA','Não informado',4,6,-3,'S',22.0,0.0, 'F', 'F', 'F','Pública',?,?,?,?,?,?,?,?,8,16,7,0,0,0,5,36,2.5,-1,4.5, 'Nao', 'F', 'F',?,0,0,?,?,529.40,565.80,519.70,567.70,500.00,4,?,?,?,?,?,9          ,-0.3534034068900054,2.66,0.222,0.444,0.194,0.0,0.138,0,94460260,'N',2019,28,0,0,'Chamada','Aluno Regular','Regular'
'202112813',2021,,'1. Semestre','M',1,22,'BRANCA','Não informado',2,6,1,'S',17.0,0.0, 'T', 'F', 'F','Pública',?,?,?,?,?,?,?,?,25,1,0,0,0,1,4,31,8.01,1,7.75, 'Nao', 'T', 'T', 'A',1050,343,'15/09/2022','31/07/2025',593.10,505.40,493.20,410.30,560.00,3,1          ,1          ,30         ,0          ,0          ,3          ,0.4515551303439383,8.01,0.806,0.032,0.0,0.0,0.129,1,97045380,'N',2020,20,0,1,'Chamada','Aluno Regular','Regular'
'202012308',2020,,'1. Semestre','M',1,23,'BRANCA','Não informado',3,6,-1,'S',163.0,0.0, 'T', 'F', 'F','Pública',?,?,?,?,?,?,?,?,25,5,0,0,0,0,4,34,6.7,0,5.66, 'Nao', 'T', 'T', 'A',1603,1261,'11/03/2020','31/07/2024',536.20,557.30,544.90,426.50,480.00,4,5          ,17         ,3961       ,0          ,1          ,2          ,0.3251571402086745,6.67,0.735,0.147,0.0,0.0,0.117,0,95890000,'N',2020,20,0,0,'Chamada','Aluno Regular','Regular'
'202210368',2022,,'1. Semestre','M',1,19,'BRANCA','Não informado',1,4,1,'N',66.0,0.0, 'T', 'F', 'F','Privada',?,?,?,?,?,?,?,?,15,1,0,0,0,0,3,19,8.1,1,9.5, 'Nao', 'F', 'F',?,0,0,?,?,593.30,604.10,633.40,677.80,820.00,1,?,?,?,?,?,5          ,0.4152999479098695,7.91,0.789,0.052,0.0,0.0,0.157,1,97105070,'N',2022,18,0,0,'Listão','Aluno Regular','Regular'
'202011253',2020,,'1. Semestre','F',1,22,'BRANCA','Não informado',3,6,-1,'S',112.0,0.0, 'T', 'F', 'F','Pública',?,?,?,?,?,?,?,?,20,4,3,1,0,0,5,33,6.22,0,5.5, 'Nao', 'T', 'T', 'I',848,506,'05/04/2022','31/07/2024',520.80,563.50,489.90,654.20,760.00,4,2          ,3          ,1127       ,0          ,0          ,4          ,0.1740831404091099,6.32,0.606,0.121,0.09,0.03,0.151,0,97200000,'N',2020,18,0,0,'Listão','Aluno Regular','Regular'
'202010442',2020,,'1. Semestre','M',1,23,'OUTRA','Não informado',3,6,-1,'S',164.0,0.0, 'T', 'F', 'F','Pública',?,?,?,?,?,?,?,?,18,7,0,0,0,0,5,30,5.94,0,5.0, 'Nao', 'T', 'T', 'A',1611,1269,'03/03/2020','31/07/2024',558.20,556.70,542.50,552.50,860.00,1,1          ,9          ,629        ,0          ,0          ,8          ,0.1186202099915949,5.8,0.6,0.233,0.0,0.0,0.166,1,97105900,'S',2020,20,0,0,'Listão','Aluno Regular','Regular'
'201911282',2019,,'1. Semestre','M',2,28,'BRANCA','Não informado',4,6,-3,'N',26.0,0.0, 'F', 'F', 'F','Pública',?,?,?,?,?,?,?,?,17,3,1,11,2,0,0,34,7.06,1,4.25, 'Nao', 'F', 'F',?,0,0,?,?,636.40,666.40,599.70,636.10,580.00,?,4          ,?,?,?,?,2          ,0.2377743132120776,7.35,0.5,0.088,0.029,0.323,0.0,0,?,'N',2013,24,0,1,'Listão','Aluno Regular','Regular'
'202312200',2023,,'1. Semestre','M',1,19,'BRANCA','Não informado',0,2,1,'S',56.0,0.0, 'F', 'F', 'F','Pública',?,?,?,?,?,?,?,?,5,0,0,0,0,0,5,10,8.87,1,1.0, 'Nao', 'F', 'F',?,0,0,?,?,590.00,590.80,556.00,683.00,720.00,4,?,?,?,?,?,?,0.2247750169908236,8.6,0.5,0.0,0.0,0.0,0.5,1,98280000,'N',2023,18,0,0,'Chamada','Aluno Regular','Regular'
'202312576',2023,,'1. Semestre','M',1,18,'BRANCA','Não informado',0,2,1,'N',1.0,0.0, 'F', 'F', 'F','Privada',?,?,?,?,?,?,?,?,3,2,0,0,0,0,5,10,5.31,0,1.0, 'Nao', 'F', 'F',?,0,0,?,?,547.90,590.30,517.50,664.00,840.00,2,?,?,?,?,?,?,0.0083886125916907,5.1,0.3,0.2,0.0,0.0,0.5,1,97010005,'N',2023,17,0,0,'Chamada','Aluno Regular','Regular'
'201910963',2019,,'1. Semestre','M',1,23,'BRANCA','Não informado',4,6,-3,'N',17.0,0.0, 'T', 'F', 'F','Pública',?,?,?,?,?,?,?,?,24,10,0,0,0,1,5,40,5.96,0,5.0, 'Nao', 'F', 'F',?,0,0,?,?,580.90,625.80,552.20,655.90,680.00,3,?,?,?,?,?,7          ,0.2466740394300288,6.12,0.6,0.25,0.0,0.0,0.125,1,97043510,'S',2019,19,0,0,'Listão','Aluno Regular','Regular'
'202311148',2023,,'1. Semestre','F',1,23,'OUTRA','Não informado',0,2,1,'S',81.0,49.0, 'T', 'F', 'F','Pública',?,?,?,?,?,?,?,?,3,0,0,9,0,0,3,15,7.95,1,1.0, 'Nao', 'T', 'T', 'A',293,164,'13/03/2023','31/12/2023',587.00,588.20,439.00,666.40,600.00,1,2          ,3          ,128        ,0          ,0          ,?,0.0830074998557686,8.09,0.2,0.0,0.0,0.6,0.2,1,97105900,'S',2018,23,0,1,'Listão','Aluno Regular','Regular'
'202210456',2022,,'1. Semestre','M',1,19,'BRANCA','Não informado',1,4,1,'N',68.0,0.0, 'T', 'F', 'F','Pública',?,?,?,?,?,?,?,?,17,0,0,0,0,0,7,24,7.88,1,12.0, 'Nao', 'F', 'F',?,0,0,?,?,501.90,556.10,594.90,719.10,840.00,1,?,?,?,?,?,5          ,0.5357998302700194,7.78,0.708,0.0,0.0,0.0,0.291,1,97105190,'N',2022,18,0,0,'Listão','Aluno Regular','Regular'
'201810398',2018,,'1. Semestre','M',1,23,'OUTRA','Não informado',5,6,-5,'N',0.0,0.0, 'F', 'F', 'F','Pública',?,?,?,?,?,?,?,?,32,5,1,0,1,0,1,40,7.14,1,4.0, 'Nao', 'F', 'F',?,0,0,?,?,591.70,596.30,536.70,664.90,680.00,1,1          ,8          ,1607       ,2          ,0          ,?,0.3014039165092304,7.21,0.8,0.125,0.025,0.0,0.025,0,97105260,'N',2018,18,0,0,'Listão','Aluno Regular','Regular'
'201321131',2013,,'2. Semestre','M',2,28,'BRANCA','Solteiro(a)',10,6,-14,'N',2.0,1.0, 'T', 'F', 'F','Pública',?,?,?,?,?,?,?,?,17,19,28,2,0,3,5,74,2.36,-1,3.7, 'Nao', 'F', 'F',?,0,0,?,?,?,?,?,?,?,?,3          ,5          ,1365       ,0          ,0          ,7          ,-0.3593885109490314,2.62,0.229,0.256,0.378,0.027,0.067,0,?,'N',2011,17,0,1,'Listão','Aluno Regular','Regular'
'202010937',2020,,'1. Semestre','M',1,22,'OUTRA','Não informado',3,6,-1,'S',202.0,0.0, 'T', 'F', 'F','Pública',?,?,?,?,?,?,?,?,33,1,1,1,0,0,1,37,8.23,1,6.16, 'Nao', 'T', 'T', 'A',1611,1269,'03/03/2020','31/07/2024',569.40,571.40,519.30,588.10,620.00,1,3          ,79         ,12527      ,84         ,0          ,?,0.411380137549059,8.14,0.891,0.027,0.027,0.027,0.027,1,97105900,'N',2020,18,0,0,'Listão','Aluno Regular','Regular'
'201810485',2018,,'1. Semestre','M',2,33,'OUTRA','Não informado',5,6,-5,'N',18.0,57.0, 'T', 'F', 'F','Pública',?,?,?,?,?,?,?,?,33,9,3,1,0,0,1,47,6.44,0,4.7, 'Nao', 'F', 'F',?,0,0,?,?,618.90,717.50,627.40,575.70,680.00,2,2          ,10         ,5916       ,0          ,1          ,1          ,0.2074067458716052,6.48,0.702,0.191,0.063,0.021,0.021,1,97010530,'S',2010,27,0,1,'Listão','Aluno Regular','Regular'
'202311170',2023,,'1. Semestre','M',1,19,'OUTRA','Não informado',0,2,1,'S',0.0,0.0, 'F', 'F', 'F','Pública',?,?,?,?,?,?,?,?,4,1,0,0,0,0,5,10,7.37,1,1.0, 'Nao', 'F', 'F',?,0,0,?,?,593.60,557.80,522.40,666.00,680.00,?,?,?,?,?,?,?,0.0297875167504382,7.27,0.4,0.1,0.0,0.0,0.5,1,?,'S',2023,18,0,0,'Listão','Aluno Regular','Regular'
'202311076',2023,,'1. Semestre','M',1,19,'BRANCA','Não informado',0,2,1,'N',0.0,0.0, 'F', 'F', 'F','Privada',?,?,?,?,?,?,?,?,5,0,0,0,0,0,5,10,7.86,1,1.0, 'Nao', 'F', 'F',?,0,0,?,?,657.50,672.80,673.30,703.80,860.00,4,?,?,?,?,?,?,0.2247750169908236,7.74,0.5,0.0,0.0,0.0,0.5,1,97185000,'N',2023,19,0,0,'Listão','Aluno Regular','Regular'
'202312045',2023,,'1. Semestre','M',1,19,'BRANCA','Não informado',0,2,1,'S',29.0,5.0, 'T', 'F', 'F','Pública',?,?,?,?,?,?,?,?,5,0,0,0,0,0,7,12,8.98,1,1.0, 'Nao', 'F', 'F',?,0,0,?,?,589.80,586.20,466.20,704.60,700.00,?,?,?,?,?,?,?,0.1926643002778488,8.2,0.416,0.0,0.0,0.0,0.583,1,?,'N',2023,18,0,0,'Chamada','Aluno Regular','Regular'
'202310814',2023,,'1. Semestre','M',1,19,'BRANCA','Não informado',0,2,1,'N',54.0,0.0, 'F', 'F', 'F','Pública',?,?,?,?,?,?,?,?,5,0,0,1,0,0,5,11,8.96,1,1.0, 'Nao', 'F', 'F',?,0,0,?,?,608.30,614.00,541.90,763.40,820.00,4,?,?,?,?,?,?,0.3617722483185895,8.88,0.454,0.0,0.0,0.09,0.454,1,96845680,'N',2023,19,0,0,'Listão','Aluno Regular','Regular'
'202310327',2023,,'1. Semestre','M',1,21,'BRANCA','Não informado',0,2,1,'S',87.0,0.0, 'T', 'F', 'F','Pública',?,?,?,?,?,?,?,?,5,0,0,0,0,0,6,11,9.83,1,1.0, 'Nao', 'T', 'T', 'A',1593,156,'21/03/2023','31/07/2027',595.90,634.70,626.70,675.60,740.00,4,?,?,?,?,?,?,0.2247750169908236,9.55,0.454,0.0,0.0,0.0,0.545,1,95095285,'N',2023,21,0,0,'Listão','Aluno Regular','Regular'
'202211923',2022,,'1. Semestre','M',1,20,'BRANCA','Não informado',1,4,1,'S',59.0,0.0, 'F', 'F', 'F','Pública',?,?,?,?,?,?,?,?,13,2,0,0,0,0,6,21,7.07,1,10.5, 'Nao', 'F', 'F',?,0,0,?,?,546.70,588.10,475.20,616.30,780.00,4,?,?,?,?,?,6          ,0.3569261805385746,7.04,0.619,0.095,0.0,0.0,0.285,0,97760000,'N',2022,18,0,0,'Chamada','Aluno Regular','Regular'
'201910567',2019,,'1. Semestre','M',2,24,'BRANCA','Não informado',4,6,-3,'N',0.0,0.0, 'F', 'F', 'F','Pública',?,?,?,?,?,?,?,?,29,6,1,0,0,0,1,37,6.99,0,4.62, 'Nao', 'F', 'F',?,0,0,?,?,591.60,665.30,628.00,614.80,620.00,3,?,?,?,?,?,1          ,0.2765424198053047,7.01,0.783,0.162,0.027,0.0,0.027,0,97045020,'N',2019,20,0,0,'Listão','Aluno Regular','Regular'
'202212096',2022,,'1. Semestre','M',1,19,'BRANCA','Não informado',1,4,1,'N',127.0,0.0, 'F', 'F', 'F','Privada',?,?,?,?,?,?,?,?,15,0,0,0,0,0,6,21,8.68,1,10.5, 'Nao', 'F', 'F',?,0,0,?,?,585.40,633.10,654.70,729.90,560.00,2,?,?,?,?,?,5          ,0.5099697341372135,8.57,0.714,0.0,0.0,0.0,0.285,1,97015631,'N',2022,18,0,0,'Chamada','Aluno Regular','Regular'
'202211921',2022,,'1. Semestre','M',1,21,'BRANCA','Não informado',1,4,1,'S',37.0,0.0, 'F', 'F', 'F','Pública',?,?,?,?,?,?,?,?,15,1,0,0,0,0,5,21,7.47,1,10.5, 'Nao', 'F', 'F',?,0,0,?,?,601.30,575.90,507.30,635.00,580.00,1,?,?,?,?,?,6          ,0.4602870095869678,7.33,0.714,0.047,0.0,0.0,0.238,0,97110210,'N',2022,20,0,0,'Chamada','Aluno Regular','Regular'
'202211917',2022,,'1. Semestre','M',1,20,'BRANCA','Não informado',1,4,1,'S',45.0,0.0, 'F', 'F', 'F','Pública',?,?,?,?,?,?,?,?,15,0,0,0,0,0,6,21,7.57,1,10.5, 'Nao', 'F', 'F',?,0,0,?,?,476.30,496.50,407.90,625.40,680.00,4,?,?,?,?,?,5          ,0.577965698688842,7.52,0.714,0.0,0.0,0.0,0.285,0,97760000,'N',2022,18,0,0,'Chamada','Aluno Regular','Regular'
'202311373',2023,,'1. Semestre','M',1,20,'OUTRA','Não informado',0,2,1,'S',2.0,1.0, 'F', 'F', 'F','Pública',?,?,?,?,?,?,?,?,3,2,0,0,0,0,4,9,5.68,0,1.0, 'Nao', 'F', 'F',?,0,0,?,?,532.50,541.60,601.20,629.00,800.00,1,?,?,?,?,?,?,-0.1345591536762673,5.62,0.333,0.222,0.0,0.0,0.444,1,97105120,'N',2018,20,0,0,'Listão','Aluno Regular','Regular'
'202210498',2022,,'1. Semestre','M',1,21,'BRANCA','Não informado',1,4,1,'S',261.0,0.0, 'F', 'F', 'F','Pública',?,?,?,?,?,?,?,?,16,0,0,1,0,1,8,26,9.47,1,13.0, 'Nao', 'F', 'F',?,0,0,?,?,554.80,624.20,592.00,713.40,700.00,1,?,?,?,?,?,5          ,0.456288709491191,8.38,0.615,0.0,0.0,0.038,0.307,1,97105030,'N',2022,19,0,0,'Listão','Aluno Regular','Regular'
'202110413',2021,,'1. Semestre','M',1,20,'BRANCA','Não informado',2,6,1,'N',40.0,0.0, 'T', 'F', 'F','Pública',?,?,?,?,?,?,?,?,28,0,0,0,0,1,8,37,9.14,1,9.25, 'Nao', 'F', 'F',?,0,0,?,?,536.00,559.20,562.70,648.20,880.00,2,1          ,1          ,20         ,0          ,0          ,2          ,0.4865341512303512,8.46,0.756,0.0,0.0,0.0,0.216,1,97050001,'N',2021,18,0,0,'Listão','Aluno Regular','Regular'
'202110414',2021,,'1. Semestre','M',1,20,'BRANCA','Não informado',2,6,1,'N',0.0,0.0, 'T', 'F', 'F','Pública',?,?,?,?,?,?,?,?,21,2,0,0,0,0,4,27,7.41,1,6.75, 'Nao', 'F', 'F',?,0,0,?,?,546.60,476.40,474.10,698.60,920.00,1,17         ,83         ,8438       ,11         ,0          ,6          ,0.4302077068393149,7.37,0.777,0.074,0.0,0.0,0.148,1,97110420,'N',2021,18,0,0,'Listão','Aluno Regular','Regular'
'202312037',2023,,'1. Semestre','M',1,19,'BRANCA','Não informado',0,2,1,'N',1.0,2.0, 'F', 'F', 'F','Privada',?,?,?,?,?,?,?,?,4,1,0,0,0,0,5,10,6.62,0,1.0, 'Nao', 'F', 'F',?,0,0,?,?,571.20,614.50,664.50,667.10,780.00,2,?,?,?,?,?,?,0.0297875167504382,6.52,0.4,0.1,0.0,0.0,0.5,1,97010310,'N',2023,18,0,0,'Chamada','Aluno Regular','Regular'
'202312036',2023,,'1. Semestre','F',1,22,'BRANCA','Não informado',0,2,1,'N',24.0,1.0, 'T', 'F', 'F','Privada',?,?,?,?,?,?,?,?,3,2,0,0,0,0,5,10,6.11,0,1.0, 'Nao', 'F', 'F',?,0,0,?,?,556.30,570.70,537.10,740.50,780.00,3,?,?,?,?,?,?,-0.1345591536762673,6.03,0.3,0.2,0.0,0.0,0.5,1,97032420,'N',2020,21,0,0,'Chamada','Aluno Regular','Regular'
'201620454',2016,,'2. Semestre','M',3,41,'OUTRA','Não informado',7,6,-8,'N',0.0,0.0, 'F', 'F', 'F','Pública',?,?,?,'Regular','Não sei responder/Não se aplica','Não sei responder/Não se aplica','Não sei responder/Não se aplica',?,29,7,1,1,0,0,3,41,6.55,0,2.92, 'Nao', 'F', 'F',?,0,0,?,?,645.70,678.00,614.20,776.90,540.00,3,?,?,?,?,?,1          ,0.2719579858081378,6.72,0.707,0.17,0.024,0.024,0.073,0,97010150,'N',2003,34,1,3,'Listão','Aluno Regular','Regular'
'202112346',2021,,'1. Semestre','M',1,21,'BRANCA','Não informado',2,6,1,'N',0.0,0.0, 'F', 'F', 'F','Pública',?,?,?,?,?,?,?,?,19,8,1,0,0,0,5,33,5.27,0,8.25, 'Nao', 'F', 'F',?,0,0,?,?,634.00,630.40,535.80,584.00,540.00,3,1          ,1          ,13         ,3          ,0          ,8          ,0.141378521809806,5.16,0.575,0.242,0.03,0.0,0.151,0,97045060,'S',2021,18,0,0,'Chamada','Aluno Regular','Regular'
'202210914',2022,,'1. Semestre','F',1,19,'BRANCA','Não informado',1,4,1,'N',52.0,0.0, 'F', 'F', 'F','Privada',?,?,?,?,?,?,?,?,12,2,0,1,0,0,5,20,6.5,0,10.0, 'Nao', 'F', 'F',?,0,0,?,?,578.60,582.40,586.70,657.10,900.00,2,?,?,?,?,?,5          ,0.3255930326684157,6.52,0.6,0.1,0.0,0.05,0.25,0,97010440,'N',2022,18,0,0,'Listão','Aluno Regular','Regular'
'201620081',2016,,'2. Semestre','M',2,26,'BRANCA','Solteiro(a)',7,6,-8,'N',5.0,0.0, 'F', 'F', 'F','Privada',?,?,?,?,?,?,?,?,25,20,8,2,1,1,3,60,4.21,-1,4.28, 'Nao', 'F', 'F',?,0,0,?,?,?,?,?,?,?,3,?,?,?,?,?,4          ,-0.236036819793448,4.5,0.416,0.333,0.133,0.033,0.05,1,97020750,'N',2016,18,0,0,'Listão','Aluno Regular','Regular'
'202010934',2020,,'1. Semestre','M',1,23,'BRANCA','Não informado',3,6,-1,'S',186.0,0.0, 'T', 'F', 'F','Pública',?,?,?,?,?,?,?,?,33,1,0,1,0,0,1,36,8.75,1,6.0, 'Nao', 'T', 'T', 'A',1610,1268,'04/03/2020','31/07/2024',586.60,624.20,577.90,731.10,620.00,4,1          ,3          ,554        ,0          ,0          ,?,0.4651621361185222,8.56,0.916,0.027,0.0,0.027,0.027,1,95800000,'S',2020,20,0,0,'Listão','Aluno Regular','Regular'
'201620068',2016,,'2. Semestre','M',2,26,'BRANCA','Solteiro(a)',7,6,-8,'N',0.0,0.0, 'F', 'F', 'F','Pública',?,?,?,'Excelente','Excelentes','Não sei responder/Não se aplica','Não sei responder/Não se aplica',?,25,11,2,1,2,0,0,41,5.21,0,2.92, 'Nao', 'F', 'F',?,0,0,?,?,?,?,?,?,?,?,1          ,1          ,122        ,0          ,0          ,4          ,0.1346439697133538,5.62,0.609,0.268,0.048,0.024,0.0,0,?,'N',2016,18,0,0,'Listão','Aluno Regular','Regular'
'202012371',2020,,'1. Semestre','M',1,22,'OUTRA','Não informado',3,6,-1,'N',0.0,0.0, 'F', 'F', 'F','Pública',?,?,?,?,?,?,?,?,2,14,4,0,1,0,4,25,1.54,-1,4.16, 'Nao', 'F', 'F',?,0,0,?,?,538.50,472.80,513.20,605.90,700.00,?,?,?,?,?,?,9          ,-0.5863039035199179,1.35,0.08,0.56,0.16,0.0,0.16,0,?,'N',2020,19,0,0,'Chamada','Aluno Regular','Regular'
'202311108',2023,,'1. Semestre','M',1,22,'BRANCA','Não informado',0,2,1,'N',19.0,0.0, 'F', 'F', 'F','Privada',?,?,?,?,?,?,?,?,5,0,0,0,0,0,6,11,8.32,1,1.0, 'Nao', 'F', 'F',?,0,0,?,?,640.90,638.50,537.60,804.10,720.00,1,?,?,?,?,?,?,0.2247750169908236,8.19,0.454,0.0,0.0,0.0,0.545,1,97105910,'S',2020,22,0,1,'Listão','Aluno Regular','Regular'
'202310416',2023,,'1. Semestre','M',1,23,'BRANCA','Não informado',0,2,1,'S',17.0,0.0, 'T', 'F', 'F','Pública',?,?,?,?,?,?,?,?,4,0,0,3,0,0,5,12,8.56,1,1.0, 'Nao', 'F', 'F',?,0,0,?,?,645.50,641.90,580.80,789.90,600.00,4,?,?,?,?,?,?,0.171122018132965,7.9,0.333,0.0,0.0,0.25,0.416,1,97870000,'N',2023,22,0,0,'Listão','Aluno Regular','Regular'
'202010542',2020,,'1. Semestre','M',1,23,'OUTRA','Não informado',3,6,-1,'N',8.0,0.0, 'T', 'F', 'F','Privada',?,?,?,?,?,?,?,?,21,2,0,2,0,0,4,29,7.57,1,4.83, 'Nao', 'F', 'F',?,0,0,?,?,617.00,636.10,564.10,592.00,700.00,2,3          ,50         ,2872       ,59         ,0          ,1          ,0.407367519035284,7.53,0.724,0.068,0.0,0.068,0.137,1,97015220,'S',2020,19,0,0,'Listão','Aluno Regular','Regular'
'201721329',2017,,'2. Semestre','F',2,24,'BRANCA','Solteiro(a)',6,6,-6,'N',87.0,4.0, 'T', 'F', 'F','Pública',?,?,?,?,?,?,?,?,28,17,6,0,0,3,2,56,4.82,-1,4.66, 'Nao', 'T', 'T', 'A',2029,1900,'11/06/2018','31/12/2023',469.80,590.40,543.80,569.20,680.00,1,?,?,?,?,?,4          ,0.0741579241950361,4.47,0.5,0.303,0.107,0.0,0.035,0,97105000,'N',2017,18,0,0,'Chamada','Aluno Regular','Regular'
'202210556',2022,,'1. Semestre','M',1,20,'BRANCA','Não informado',1,4,1,'N',5.0,0.0, 'T', 'F', 'F','Pública',?,?,?,?,?,?,?,?,17,1,0,1,0,0,6,25,8.14,1,12.5, 'Nao', 'T', 'T', 'A',1507,435,'15/06/2022','31/07/2026',660.60,667.10,613.60,693.00,620.00,2,1          ,1          ,47         ,0          ,0          ,5          ,0.4126348302989372,7.73,0.68,0.04,0.0,0.04,0.24,0,97050023,'S',2022,18,0,0,'Listão','Aluno Regular','Regular'
'201420766',2014,,'2. Semestre','M',2,30,'BRANCA','Solteiro(a)',9,6,-12,'N',34.0,10.0, 'T', 'F', 'F','Pública',?,?,?,?,?,?,?,?,31,21,11,0,1,0,3,67,4.56,-1,3.72, 'Nao', 'T', 'F',?,0,0,?,?,?,?,?,?,?,?,22         ,?,?,?,?,3          ,-0.0642679958613653,4.78,0.462,0.313,0.164,0.0,0.044,1,?,'S',2014,20,0,0,'Listão','Aluno Regular','Regular'
'202310638',2023,,'1. Semestre','M',1,19,'BRANCA','Não informado',0,2,1,'S',70.0,0.0, 'F', 'F', 'F','Pública',?,?,?,?,?,?,?,?,5,0,0,0,0,0,6,11,8.59,1,1.0, 'Nao', 'F', 'F',?,0,0,?,?,571.80,637.10,557.10,657.10,860.00,1,?,?,?,?,?,?,0.2247750169908236,8.35,0.454,0.0,0.0,0.0,0.545,1,97105115,'N',2023,18,0,0,'Listão','Aluno Regular','Regular'
'202112438',2021,,'1. Semestre','M',1,22,'BRANCA','Não informado',2,6,1,'S',36.0,0.0, 'F', 'F', 'F','Pública',?,?,?,?,?,?,?,?,25,2,0,0,0,0,5,32,7.9,1,8.0, 'Nao', 'F', 'F',?,0,0,?,?,561.40,581.40,578.30,605.20,680.00,4,1          ,1          ,3          ,0          ,0          ,3          ,0.3990234287929515,7.99,0.781,0.062,0.0,0.0,0.156,0,97200000,'N',2021,19,0,0,'Chamada','Aluno Regular','Regular'
'202312057',2023,,'1. Semestre','M',1,21,'BRANCA','Não informado',0,2,1,'S',30.0,0.0, 'T', 'F', 'F','Pública',?,?,?,?,?,?,?,?,3,2,0,0,0,0,4,9,5.78,0,1.0, 'Nao', 'T', 'T', 'A',1573,136,'10/04/2023','31/07/2027',551.00,585.00,459.30,622.90,600.00,4,?,?,?,?,?,?,-0.1345591536762673,5.64,0.333,0.222,0.0,0.0,0.444,1,97650000,'N',2023,20,0,0,'Chamada','Aluno Regular','Regular'
'202310652',2023,,'1. Semestre','M',1,19,'BRANCA','Não informado',0,2,1,'N',0.0,0.0, 'F', 'F', 'F','Privada',?,?,?,?,?,?,?,?,5,0,0,0,0,0,6,11,8.71,1,1.0, 'Nao', 'F', 'F',?,0,0,?,?,573.20,636.70,612.70,752.60,780.00,4,?,?,?,?,?,?,0.2247750169908236,8.47,0.454,0.0,0.0,0.0,0.545,1,96508186,'N',2023,19,0,0,'Listão','Aluno Regular','Regular'
'202211475',2022,,'1. Semestre','M',1,19,'OUTRA','Não informado',1,3,0,'S',48.0,0.0, 'T', 'F', 'F','Pública',?,?,?,?,?,?,?,?,7,2,1,0,2,0,0,12,5.84,0,6.0, 'Nao', 'T', 'F',?,0,0,?,?,528.60,437.50,407.30,604.70,520.00,3,?,?,?,?,?,5          ,0.2411086075434675,5.92,0.583,0.166,0.083,0.0,0.0,1,97043190,'N',2022,18,0,0,'Listão','Aluno Regular','Regular'
'202112456',2021,,'1. Semestre','M',2,24,'BRANCA','Não informado',2,6,1,'N',0.0,0.0, 'F', 'F', 'F','Pública',?,?,?,?,?,?,?,?,25,0,0,0,0,0,3,28,8.02,1,7.0, 'Nao', 'F', 'F',?,0,0,?,?,595.90,612.60,521.90,610.70,620.00,2,1          ,8          ,469        ,0          ,0          ,5          ,0.5027558077651546,7.78,0.892,0.0,0.0,0.0,0.107,0,97010000,'N',2019,21,0,1,'Chamada','Aluno Regular','Regular'
'202110657',2021,,'1. Semestre','M',1,20,'BRANCA','Não informado',2,6,1,'N',31.0,0.0, 'F', 'F', 'F','Privada',?,?,?,?,?,?,?,?,27,0,0,0,0,1,8,36,8.8,1,9.0, 'Nao', 'F', 'F',?,0,0,?,?,650.70,667.70,662.70,691.60,800.00,3,1          ,3          ,228        ,0          ,0          ,4          ,0.4735632336957917,8.53,0.75,0.0,0.0,0.0,0.222,0,97030260,'S',2021,18,0,0,'Listão','Aluno Regular','Regular'
'202311424',2023,,'1. Semestre','M',1,20,'OUTRA','Não informado',0,2,1,'S',175.0,0.0, 'T', 'F', 'F','Pública',?,?,?,?,?,?,?,?,5,0,0,0,0,0,4,9,7.85,1,1.0, 'Nao', 'T', 'T', 'A',1586,149,'28/03/2023','31/07/2027',562.90,523.50,463.20,613.40,640.00,4,?,?,?,?,?,?,0.2247750169908236,7.76,0.555,0.0,0.0,0.0,0.444,1,97650000,'S',2023,20,0,0,'Listão','Aluno Regular','Regular'
'201911167',2019,,'1. Semestre','M',2,24,'BRANCA','Não informado',4,6,-3,'S',9.0,0.0, 'F', 'F', 'F','Pública',?,?,?,?,?,?,?,?,4,19,1,0,2,0,0,26,1.75,-1,3.25, 'Nao', 'F', 'F',?,0,0,?,?,606.00,663.80,544.20,607.80,620.00,?,1          ,1          ,78         ,0          ,0          ,9          ,-0.4908084232968357,1.65,0.153,0.73,0.038,0.0,0.0,0,?,'S',2018,19,0,1,'Listão','Aluno Regular','Regular'
'202312051',2023,,'1. Semestre','M',1,18,'OUTRA','Não informado',0,2,1,'N',13.0,1.0, 'F', 'F', 'F','Pública',?,?,?,?,?,?,?,?,5,0,0,0,0,0,6,11,9.14,1,1.0, 'Nao', 'F', 'F',?,0,0,?,?,613.80,462.80,448.50,791.90,740.00,?,?,?,?,?,?,?,0.2247750169908236,8.83,0.454,0.0,0.0,0.0,0.545,1,?,'N',2023,18,0,0,'Chamada','Aluno Regular','Regular'
'201912621',2019,,'1. Semestre','M',2,29,'BRANCA','Não informado',4,6,-3,'N',5.0,0.0, 'F', 'F', 'F','Pública',?,?,?,?,?,?,?,?,22,16,1,1,0,1,3,44,4.9,-1,5.5, 'Nao', 'F', 'F',?,0,0,?,?,551.90,636.80,506.10,749.90,520.00,4,?,?,?,?,?,7          ,-0.003866717094992,5.09,0.5,0.363,0.022,0.022,0.068,0,96878000,'N',2019,24,0,0,'Chamada','Aluno Regular','Regular'
'202010912',2020,,'1. Semestre','M',2,29,'BRANCA','Não informado',3,6,-1,'N',13.0,0.0, 'T', 'F', 'F','Pública',?,?,?,?,?,?,?,?,18,6,1,8,0,1,3,37,6.21,0,6.16, 'Nao', 'F', 'F',?,0,0,?,?,594.70,633.20,607.20,761.20,600.00,2,1          ,5          ,149        ,0          ,0          ,4          ,0.1913250386205691,6.11,0.486,0.162,0.027,0.216,0.081,1,97095530,'N',2015,25,0,2,'Listão','Aluno Regular','Regular'
'202210594',2022,,'1. Semestre','M',1,20,'BRANCA','Não informado',1,4,1,'S',54.0,0.0, 'F', 'F', 'F','Pública',?,?,?,?,?,?,?,?,16,0,0,0,0,1,8,25,8.72,1,12.5, 'Nao', 'F', 'F',?,0,0,?,?,594.40,570.80,572.50,715.90,780.00,2,?,?,?,?,?,5          ,0.5418428425207893,8.69,0.64,0.0,0.0,0.0,0.32,1,97060480,'N',2022,18,0,0,'Listão','Aluno Regular','Regular'
'202112513',2021,,'1. Semestre','F',1,20,'BRANCA','Não informado',2,6,1,'N',1.0,0.0, 'F', 'F', 'F','Privada - Com Bolsa Integral',?,?,?,?,?,?,?,?,22,3,0,1,0,1,5,32,7.61,1,8.0, 'Nao', 'F', 'F',?,0,0,?,?,581.10,444.10,536.10,584.80,680.00,3,?,?,?,?,?,7          ,0.3328994832827927,7.57,0.687,0.093,0.0,0.031,0.156,0,97020760,'N',2021,18,0,0,'Chamada','Aluno Regular','Regular'
'202012395',2020,,'1. Semestre','M',1,21,'OUTRA','Não informado',3,6,-1,'N',3.0,0.0, 'F', 'F', 'F','Privada',?,?,?,?,?,?,?,?,15,10,0,0,0,0,5,30,4.99,-1,5.0, 'Nao', 'F', 'F',?,0,0,?,?,565.80,480.60,437.10,622.30,720.00,?,3          ,6          ,811        ,0          ,0          ,9          ,0.0534585921697063,4.97,0.5,0.333,0.0,0.0,0.166,0,?,'N',2020,18,0,0,'Chamada','Aluno Regular','Regular'
'202110745',2021,,'1. Semestre','F',1,21,'OUTRA','Não informado',2,6,1,'N',238.0,0.0, 'T', 'F', 'F','Pública',?,?,?,?,?,?,?,?,15,10,0,1,0,0,6,32,5.48,0,8.0, 'Nao', 'T', 'T', 'A',1275,568,'02/02/2022','31/07/2025',585.50,568.50,542.00,583.60,900.00,4,1          ,1          ,66         ,0          ,0          ,6          ,0.013356606907973,5.5,0.468,0.312,0.0,0.031,0.187,1,97511270,'N',2021,18,0,0,'Listão','Aluno Regular','Regular'
'201813127',2018,,'1. Semestre','M',2,24,'BRANCA','Não informado',5,6,-5,'S',17.0,0.0, 'T', 'F', 'F','Pública',?,?,?,?,?,?,?,?,30,19,1,1,0,0,1,52,4.88,-1,5.2, 'Nao', 'T', 'T', 'A',2078,1949,'23/04/2018','31/12/2023',548.90,626.20,571.90,616.00,640.00,3,?,?,?,?,?,?,0.0327056723865058,5.66,0.576,0.365,0.019,0.019,0.019,1,97045190,'S',2018,19,0,0,'Chamada','Aluno Regular','Regular'
'202011349',2020,,'1. Semestre','M',1,21,'OUTRA','Não informado',3,6,-1,'S',19.0,0.0, 'F', 'F', 'F','Pública',?,?,?,?,?,?,?,?,14,10,0,0,0,0,5,29,4.88,-1,4.83, 'Nao', 'F', 'F',?,0,0,?,?,559.80,572.40,435.40,600.70,580.00,2,?,?,?,?,?,9          ,0.0300013590624996,4.87,0.482,0.344,0.0,0.0,0.172,0,97010200,'N',2020,18,0,0,'Listão','Aluno Regular','Regular'
'202310862',2023,,'1. Semestre','F',1,19,'BRANCA','Não informado',0,2,1,'S',52.0,2.0, 'F', 'F', 'F','Pública',?,?,?,?,?,?,?,?,5,0,0,0,0,0,5,10,9.38,1,1.0, 'Nao', 'F', 'F',?,0,0,?,?,633.80,637.90,601.00,674.20,820.00,2,?,?,?,?,?,?,0.2247750169908236,9.12,0.5,0.0,0.0,0.0,0.5,1,97010004,'N',2023,18,0,0,'Listão','Aluno Regular','Regular'
'202110783',2021,,'1. Semestre','F',1,23,'BRANCA','Não informado',2,6,1,'N',32.0,0.0, 'T', 'F', 'F','Não Informado',?,?,?,?,?,?,?,?,6,9,2,5,0,0,5,27,3.97,-1,6.75, 'Nao', 'T', 'T', 'A',1158,451,'30/05/2022','31/07/2025',588.30,641.20,571.80,606.00,900.00,1,?,?,?,?,?,9          ,-0.3118749723911244,3.76,0.222,0.333,0.074,0.185,0.185,1,97105090,'N',2017,20,0,1,'Listão','Aluno Regular','Regular'
'202312087',2023,,'1. Semestre','F',1,18,'BRANCA','Não informado',0,2,1,'S',15.0,0.0, 'F', 'F', 'F','Pública',?,?,?,?,?,?,?,?,3,2,0,0,0,0,4,9,5.12,0,1.0, 'Nao', 'F', 'F',?,0,0,?,?,571.00,502.10,571.10,503.70,820.00,4,?,?,?,?,?,?,-0.1345591536762673,4.95,0.333,0.222,0.0,0.0,0.444,1,96540000,'N',2023,18,0,0,'Chamada','Aluno Regular','Regular'
'202011226',2020,,'1. Semestre','M',1,21,'BRANCA','Não informado',3,6,-1,'N',1.0,0.0, 'T', 'F', 'F','Privada',?,?,?,?,?,?,?,?,26,0,0,0,0,0,9,35,8.4,1,5.83, 'Nao', 'F', 'F',?,0,0,?,?,555.30,565.90,544.70,631.60,780.00,?,?,?,?,?,?,5          ,0.5421345286095534,8.46,0.742,0.0,0.0,0.0,0.257,1,?,'N',2020,18,0,0,'Listão','Aluno Regular','Regular'
'202112572',2021,,'1. Semestre','M',1,23,'BRANCA','Não informado',2,6,1,'N',0.0,0.0, 'F', 'F', 'F','Pública',?,?,?,?,?,?,?,?,25,2,0,1,0,1,3,32,7.79,1,8.0, 'Nao', 'F', 'F',?,0,0,?,?,577.40,622.50,552.00,592.10,740.00,2,1          ,14         ,1357       ,1          ,0          ,5          ,0.4750241932806091,7.74,0.781,0.062,0.0,0.031,0.093,0,97010150,'N',2021,20,0,0,'Chamada','Aluno Regular','Regular'
'202310894',2023,,'1. Semestre','M',1,19,'BRANCA','Não informado',0,2,1,'N',0.0,0.0, 'F', 'F', 'F','Pública',?,?,?,?,?,?,?,?,4,1,0,0,0,0,5,10,7.04,1,1.0, 'Nao', 'F', 'F',?,0,0,?,?,627.10,621.00,614.10,680.90,820.00,3,?,?,?,?,?,?,0.0297875167504382,7.06,0.4,0.1,0.0,0.0,0.5,1,97035000,'N',2023,18,0,0,'Listão','Aluno Regular','Regular'
'202310895',2023,,'1. Semestre','M',1,18,'BRANCA','Não informado',0,2,1,'N',19.0,0.0, 'T', 'F', 'F','Pública',?,?,?,?,?,?,?,?,5,0,0,0,0,0,6,11,9.14,1,1.0, 'Nao', 'F', 'F',?,0,0,?,?,624.90,628.70,589.30,706.60,760.00,2,?,?,?,?,?,?,0.2247750169908236,8.86,0.454,0.0,0.0,0.0,0.545,1,97050500,'N',2023,18,0,0,'Listão','Aluno Regular','Regular'
'202211033',2022,,'1. Semestre','M',1,20,'BRANCA','Não informado',1,4,1,'N',0.0,0.0, 'F', 'F', 'F','Privada',?,?,?,?,?,?,?,?,5,3,6,5,0,0,6,25,4.06,-1,12.5, 'Nao', 'F', 'F',?,0,0,?,?,622.00,648.90,583.20,664.00,720.00,2,?,?,?,?,?,6          ,-0.3010298259949627,3.94,0.2,0.12,0.24,0.2,0.24,1,97095190,'N',2022,18,0,0,'Listão','Aluno Regular','Regular'
'202212209',2022,,'1. Semestre','M',1,22,'BRANCA','Não informado',1,4,1,'N',309.0,0.0, 'F', 'F', 'F','Privada',?,?,?,?,?,?,?,?,12,0,0,7,0,0,6,25,8.22,1,12.5, 'Nao', 'F', 'F',?,0,0,?,?,590.40,625.10,620.80,684.50,660.00,1,?,?,?,?,?,5          ,0.4688070865673878,8.09,0.48,0.0,0.0,0.28,0.24,1,97105215,'S',2022,20,0,0,'Chamada','Aluno Regular','Regular'
'202211064',2022,,'1. Semestre','M',1,19,'BRANCA','Não informado',1,4,1,'N',36.0,0.0, 'F', 'F', 'F','Privada',?,?,?,?,?,?,?,?,14,2,0,0,0,0,6,22,6.92,0,11.0, 'Nao', 'F', 'F',?,0,0,?,?,589.90,654.30,463.50,652.20,840.00,2,?,?,?,?,?,6          ,0.3408703626816722,6.96,0.636,0.09,0.0,0.0,0.272,0,97015540,'N',2022,18,0,0,'Listão','Aluno Regular','Regular'
'202110904',2021,,'1. Semestre','M',1,21,'OUTRA','Não informado',2,6,1,'N',0.0,0.0, 'F', 'F', 'F','Privada',?,?,?,?,?,?,?,?,24,2,2,0,0,0,8,36,6.89,0,9.0, 'Nao', 'F', 'F',?,0,0,?,?,650.50,644.90,503.50,679.20,920.00,3,1          ,1          ,25         ,0          ,0          ,2          ,0.2958450172125064,7.06,0.666,0.055,0.055,0.0,0.222,1,97030660,'N',2021,18,0,0,'Listão','Aluno Regular','Regular'
'202012373',2020,,'1. Semestre','M',2,25,'OUTRA','Não informado',3,6,-1,'S',0.0,0.0, 'F', 'F', 'F','Pública',?,?,?,?,?,?,?,?,29,1,0,1,0,0,3,34,9.0,1,5.66, 'Nao', 'F', 'F',?,0,0,?,?,571.20,577.00,506.60,618.30,520.00,1,1          ,3          ,339        ,0          ,0          ,?,0.467237040909129,8.84,0.852,0.029,0.0,0.029,0.088,0,97095760,'S',2016,22,0,1,'Chamada','Aluno Regular','Regular'
'202113029',2021,,'1. Semestre','M',1,20,'BRANCA','Não informado',2,4,-1,'S',12.0,0.0, 'T', 'F', 'F','Pública',?,?,?,?,?,?,?,?,15,0,0,0,0,0,5,20,7.84,1,5.0, 'Nao', 'T', 'T', 'A',857,150,'27/03/2023','31/07/2025',588.60,612.50,526.50,503.80,660.00,2,?,?,?,?,?,8          ,0.577965698688842,7.77,0.75,0.0,0.0,0.0,0.25,0,97010430,'S',2021,18,0,0,'Chamada','Aluno Regular','Regular'
'202310982',2023,,'1. Semestre','M',1,19,'BRANCA','Não informado',0,2,1,'S',46.0,0.0, 'T', 'F', 'F','Pública',?,?,?,?,?,?,?,?,5,0,0,0,0,0,6,11,9.43,1,1.0, 'Nao', 'F', 'F',?,0,0,?,?,575.80,619.80,563.20,731.90,820.00,1,?,?,?,?,?,?,0.2247750169908236,9.22,0.454,0.0,0.0,0.0,0.545,1,97105050,'N',2023,18,0,0,'Listão','Aluno Regular','Regular'
'202210772',2022,,'1. Semestre','M',1,20,'BRANCA','Não informado',1,4,1,'S',153.0,0.0, 'T', 'F', 'F','Pública',?,?,?,?,?,?,?,?,11,4,0,1,0,1,7,24,6.74,0,12.0, 'Nao', 'T', 'T', 'A',1575,503,'08/04/2022','31/07/2026',590.50,587.00,463.80,669.80,640.00,4,?,?,?,?,?,5          ,0.1314784624252603,6.68,0.458,0.166,0.0,0.041,0.291,1,97770000,'N',2022,18,0,0,'Listão','Aluno Regular','Regular'
'202010915',2020,,'1. Semestre','F',1,23,'BRANCA','Não informado',3,6,-1,'N',0.0,0.0, 'F', 'F', 'F','Privada',?,?,?,?,?,?,?,?,28,6,2,0,0,0,6,42,6.42,0,7.0, 'Nao', 'F', 'F',?,0,0,?,?,614.50,634.00,592.70,693.40,680.00,2,?,?,?,?,?,1          ,0.1822160154853395,6.23,0.666,0.142,0.047,0.0,0.142,0,97050430,'N',2020,19,0,0,'Listão','Aluno Regular','Regular'
'202011124',2020,,'1. Semestre','F',1,22,'BRANCA','Não informado',3,6,-1,'S',29.0,4.0, 'T', 'F', 'F','Pública',?,?,?,?,?,?,?,?,29,0,0,3,0,1,6,39,8.76,1,6.5, 'Nao', 'F', 'F',?,0,0,?,?,610.10,646.70,624.40,676.30,600.00,2,3          ,5          ,218        ,0          ,0          ,?,0.4195984110309346,8.18,0.743,0.0,0.0,0.076,0.153,0,97010033,'N',2020,19,0,0,'Listão','Aluno Regular','Regular'
'202211217',2022,,'1. Semestre','M',2,24,'BRANCA','Não informado',1,4,1,'S',0.0,0.0, 'T', 'F', 'F','Pública',?,?,?,?,?,?,?,?,12,0,1,0,0,0,5,18,8.85,1,9.0, 'Nao', 'F', 'F',?,0,0,?,?,581.00,668.90,569.00,674.20,660.00,1,?,?,?,?,?,5          ,0.4993385889101946,8.61,0.666,0.0,0.055,0.0,0.277,1,97095540,'N',2018,23,0,0,'Listão','Aluno Regular','Regular'
'202112728',2021,,'1. Semestre','M',1,21,'BRANCA','Não informado',2,6,1,'S',24.0,0.0, 'T', 'F', 'F','Pública',?,?,?,?,?,?,?,?,28,0,0,1,0,0,6,35,8.78,1,8.75, 'Nao', 'F', 'F',?,0,0,?,?,529.50,630.70,591.50,697.70,660.00,3,?,?,?,?,?,2          ,0.4939841427435699,8.8,0.8,0.0,0.0,0.028,0.171,1,97020700,'S',2021,18,0,0,'Chamada','Aluno Regular','Regular'
'202312173',2023,,'1. Semestre','M',1,19,'BRANCA','Não informado',0,2,1,'S',0.0,0.0, 'F', 'F', 'F','Pública',?,?,?,?,?,?,?,?,4,1,0,0,0,0,5,10,7.33,1,1.0, 'Nao', 'F', 'F',?,0,0,?,?,578.00,517.40,489.10,581.10,660.00,3,?,?,?,?,?,?,0.060428346564118,6.96,0.4,0.1,0.0,0.0,0.5,1,97020360,'N',2023,18,0,0,'Chamada','Aluno Regular','Regular'
'202210945',2022,,'1. Semestre','M',1,21,'OUTRA','Não informado',1,4,1,'N',0.0,0.0, 'F', 'F', 'F','Privada',?,?,?,?,?,?,?,?,14,2,0,0,0,1,5,22,6.79,0,11.0, 'Nao', 'F', 'F',?,0,0,?,?,580.10,460.80,555.70,734.20,900.00,?,?,?,?,?,?,6          ,0.4046102903841278,6.75,0.636,0.09,0.0,0.0,0.227,0,?,'N',2022,19,0,0,'Listão','Aluno Regular','Regular'
'202310754',2023,,'1. Semestre','M',1,18,'BRANCA','Não informado',0,2,1,'N',0.0,0.0, 'F', 'F', 'F','Pública',?,?,?,?,?,?,?,?,5,0,0,0,0,0,5,10,9.4,1,1.0, 'Nao', 'F', 'F',?,0,0,?,?,625.30,680.30,596.80,669.10,820.00,2,?,?,?,?,?,?,0.2247750169908236,9.07,0.5,0.0,0.0,0.0,0.5,1,97010000,'N',2023,18,0,0,'Listão','Aluno Regular','Regular'
'202011396',2020,,'1. Semestre','F',1,22,'BRANCA','Não informado',3,6,-1,'S',0.0,0.0, 'F', 'F', 'F','Pública',?,?,?,?,?,?,?,?,30,2,2,1,0,0,4,39,7.98,1,6.5, 'Nao', 'F', 'F',?,0,0,?,?,610.30,627.90,568.50,668.60,640.00,?,2          ,5          ,226        ,6          ,0          ,?,0.2613703257429722,7.96,0.769,0.051,0.051,0.025,0.102,1,?,'N',2020,18,0,0,'Listão','Aluno Regular','Regular'
'2016510177',2016,,'1. Semestre','M',3,69,'BRANCA','Casado(a)',7,6,-9,'N',0.0,0.0, 'F', 'F', 'F','Não Informado',?,?,?,?,?,?,?,?,3,29,5,3,0,0,2,42,1.42,-1,3.0, 'Nao', 'F', 'F',?,0,0,?,?,?,?,?,?,?,3,1          ,1          ,214        ,0          ,0          ,9          ,-0.0228704134547052,3.64,0.071,0.69,0.119,0.071,0.047,0,97015121,'N',1986,61,0,0,'Listão','Aluno Regular','Regular'
'202310570',2023,,'1. Semestre','M',1,20,'BRANCA','Não informado',0,2,1,'N',24.0,0.0, 'F', 'F', 'F','Privada',?,?,?,?,?,?,?,?,3,2,0,0,0,0,4,9,5.02,0,1.0, 'Nao', 'F', 'F',?,0,0,?,?,609.80,629.70,539.90,689.40,800.00,3,?,?,?,?,?,?,-0.1345591536762673,5.07,0.333,0.222,0.0,0.0,0.444,1,97045030,'N',2023,19,0,0,'Listão','Aluno Regular','Regular'
'202311024',2023,,'1. Semestre','M',1,19,'BRANCA','Não informado',0,2,1,'N',1.0,0.0, 'F', 'F', 'F','Privada',?,?,?,?,?,?,?,?,4,1,0,0,0,0,6,11,7.48,1,1.0, 'Nao', 'F', 'F',?,0,0,?,?,574.40,634.10,662.60,594.30,940.00,2,?,?,?,?,?,?,0.0297875167504382,7.36,0.363,0.09,0.0,0.0,0.545,1,97015190,'N',2023,19,0,0,'Listão','Aluno Regular','Regular'
'202111155',2021,,'1. Semestre','M',1,20,'BRANCA','Solteiro(a)',2,6,1,'S',137.0,1.0, 'T', 'F', 'T','Pública',?,?,?,?,?,?,?,?,25,2,0,0,0,0,5,32,8.07,1,8.0, 'Nao', 'T', 'T', 'A',1380,673,'20/10/2021','31/07/2025',622.40,581.80,563.30,732.90,820.00,4,?,?,?,?,?,2          ,0.4565611624648618,8.07,0.781,0.062,0.0,0.0,0.156,1,98170000,'N',2021,18,0,0,'Listão','Aluno Regular','Regular'
'201910204',2019,,'1. Semestre','M',2,31,'BRANCA','Não informado',4,6,-3,'N',0.0,0.0, 'F', 'F', 'F','Privada',?,?,?,?,?,?,?,?,20,5,1,8,0,0,1,35,7.08,1,4.37, 'Nao', 'F', 'F',?,0,0,?,?,655.80,718.40,701.90,731.40,640.00,2,7          ,74         ,8072       ,0          ,0          ,?,0.3429863125615769,7.02,0.571,0.142,0.028,0.228,0.028,0,97015440,'N',2010,26,0,2,'Listão','Aluno Regular','Regular'
'202012355',2020,,'1. Semestre','M',2,30,'BRANCA','Não informado',3,6,-1,'N',14.0,0.0, 'F', 'F', 'F','Pública',?,?,?,?,?,?,?,?,18,9,0,5,0,1,2,35,6.32,0,5.83, 'Nao', 'F', 'F',?,0,0,?,?,587.90,602.80,526.10,594.60,600.00,1,2          ,2          ,352        ,0          ,0          ,4          ,0.1296436922005902,6.72,0.514,0.257,0.0,0.142,0.057,1,97110000,'N',2012,27,0,2,'Chamada','Aluno Regular','Regular'
'201811385',2018,,'1. Semestre','M',2,24,'BRANCA','Não informado',5,6,-5,'N',38.0,10.0, 'F', 'F', 'F','Privada',?,?,?,?,?,?,?,?,22,16,6,0,0,0,5,49,4.18,-1,4.9, 'Nao', 'F', 'F',?,0,0,?,?,626.80,702.00,634.80,780.80,680.00,1,?,?,?,?,?,9          ,-0.0659274836677488,4.14,0.448,0.326,0.122,0.0,0.102,0,97105430,'N',2015,18,0,0,'Listão','Aluno Regular','Regular'
'201810979',2018,,'1. Semestre','M',1,22,'OUTRA','Não informado',5,6,-5,'N',0.0,0.0, 'F', 'F', 'F','Privada',?,?,?,?,?,?,?,?,4,18,7,0,2,0,0,31,1.36,-1,3.1, 'Nao', 'F', 'F',?,0,0,?,?,626.10,648.30,629.90,674.30,640.00,?,?,?,?,?,?,9          ,-0.4070216511362376,1.45,0.129,0.58,0.225,0.0,0.0,1,?,'N',2018,16,0,0,'Listão','Aluno Regular','Regular'
'202312124',2023,,'1. Semestre','M',1,20,'OUTRA','Não informado',0,2,1,'S',13.0,0.0, 'F', 'F', 'F','Pública',?,?,?,?,?,?,?,?,5,0,0,0,0,0,5,10,8.02,1,1.0, 'Nao', 'F', 'F',?,0,0,?,?,560.20,616.30,508.30,622.30,620.00,2,?,?,?,?,?,?,0.2247750169908236,7.83,0.5,0.0,0.0,0.0,0.5,1,97015661,'N',2022,19,0,1,'Chamada','Aluno Regular','Regular'
'202312125',2023,,'1. Semestre','M',1,22,'BRANCA','Não informado',0,1,0,'S',0.0,0.0, 'F', 'F', 'F','Pública',?,?,?,?,?,?,?,?,0,0,0,0,2,0,0,2,0.0,-1,1.0, 'Nao', 'F', 'F',?,0,0,?,?,543.20,587.20,477.70,616.70,700.00,2,?,?,?,?,?,?,0.0,0.0,0.0,0.0,0.0,0.0,0.0,0,97050240,'N',2021,21,0,2,'Chamada','Aluno Regular','Regular'
'2015520101',2015,,'2. Semestre','M',2,30,'BRANCA','Solteiro(a)',8,6,-10,'N',36.0,1.0, 'T', 'F', 'F','Não Informado',?,?,?,'Boa','Regulares','Boa','Regulares',?,16,28,6,5,1,0,1,57,3.54,-1,3.56, 'Nao', 'T', 'F',?,0,0,?,?,?,?,?,?,?,3,2          ,?,?,?,?,7          ,-0.1215763531369003,4.88,0.28,0.491,0.105,0.087,0.017,1,97070270,'N',2011,22,0,1,'Listão','Aluno Regular','Regular'
'202112062',2021,,'1. Semestre','F',2,26,'BRANCA','Não informado',2,5,0,'S',2.0,0.0, 'F', 'F', 'F','Pública',?,?,?,?,?,?,?,?,4,9,4,0,1,0,3,21,2.3,-1,5.25, 'Nao', 'F', 'F',?,0,0,?,?,518.80,542.50,557.70,470.40,720.00,?,1          ,3          ,1101       ,0          ,0          ,8          ,-0.3669877730829312,2.07,0.19,0.428,0.19,0.0,0.142,0,?,'S',2017,23,0,1,'Chamada','Aluno Regular','Regular'
'202210755',2022,,'1. Semestre','M',1,22,'BRANCA','Não informado',1,4,1,'S',282.0,0.0, 'T', 'F', 'F','Pública',?,?,?,?,?,?,?,?,16,0,0,0,0,0,7,23,8.02,1,11.5, 'Nao', 'T', 'T', 'A',1225,153,'24/03/2023','31/07/2026',509.10,580.90,557.80,688.10,860.00,1,?,?,?,?,?,5          ,0.5357998302700194,7.98,0.695,0.0,0.0,0.0,0.304,0,97105340,'S',2022,21,0,0,'Listão','Aluno Regular','Regular'
'202211045',2022,,'1. Semestre','M',1,20,'BRANCA','Não informado',1,3,0,'S',130.0,2.0, 'F', 'F', 'F','Pública',?,?,?,?,?,?,?,?,6,1,0,4,0,0,5,16,7.25,1,8.0, 'Nao', 'F', 'F',?,0,0,?,?,565.30,589.20,584.90,638.40,840.00,4,?,?,?,?,?,5          ,0.1655285833142074,7.09,0.375,0.062,0.0,0.25,0.312,1,96950000,'N',2022,18,0,0,'Listão','Aluno Regular','Regular'
'202111282',2021,,'1. Semestre','M',1,21,'BRANCA','Não informado',2,6,1,'S',57.0,0.0, 'F', 'F', 'F','Pública',?,?,?,?,?,?,?,?,17,5,2,0,0,0,6,30,5.87,0,7.5, 'Nao', 'F', 'F',?,0,0,?,?,572.30,614.60,530.20,624.60,780.00,4,?,?,?,?,?,7          ,0.1203522199989477,5.81,0.566,0.166,0.066,0.0,0.2,0,96900000,'N',2021,18,0,0,'Listão','Aluno Regular','Regular'
'202212525',2022,,'1. Semestre','M',1,20,'BRANCA','Não informado',1,4,1,'S',198.0,0.0, 'T', 'F', 'F','Pública',?,?,?,?,?,?,?,?,15,0,0,0,0,0,6,21,8.39,1,10.5, 'Nao', 'T', 'T', 'A',1565,493,'18/04/2022','31/07/2026',448.30,596.90,597.60,533.90,860.00,1,?,?,?,?,?,5          ,0.5418428425207893,8.35,0.714,0.0,0.0,0.0,0.285,0,97105490,'S',2022,19,0,0,'Chamada','Aluno Regular','Regular'
'202211727',2022,,'1. Semestre','M',1,20,'OUTRA','Não informado',1,2,-1,'N',50.0,0.0, 'F', 'F', 'F','Pública',?,?,?,?,?,?,?,?,5,0,0,5,0,0,6,16,8.51,1,8.0, 'Nao', 'F', 'F',?,0,0,?,?,491.30,590.10,551.30,677.00,780.00,4,?,?,?,?,?,6          ,0.2697300203889884,8.43,0.312,0.0,0.0,0.312,0.375,1,96540000,'S',2022,18,0,0,'Chamada','Aluno Regular','Regular'
'202311060',2023,,'1. Semestre','M',1,19,'BRANCA','Não informado',0,2,1,'S',78.0,0.0, 'T', 'F', 'F','Pública',?,?,?,?,?,?,?,?,5,0,0,0,0,0,5,10,9.3,1,1.0, 'Nao', 'T', 'T', 'A',1593,156,'21/03/2023','31/07/2027',649.70,618.50,507.90,666.30,760.00,2,?,?,?,?,?,?,0.2247750169908236,8.99,0.5,0.0,0.0,0.0,0.5,1,97015530,'S',2023,19,0,0,'Listão','Aluno Regular','Regular'
'202013029',2020,,'1. Semestre','M',2,26,'BRANCA','Não informado',3,6,-1,'S',0.0,0.0, 'F', 'F', 'F','Pública',?,?,?,?,?,?,?,?,21,2,0,0,0,0,5,28,7.68,1,4.66, 'Nao', 'F', 'F',?,0,0,?,?,442.20,438.20,450.40,405.60,540.00,3,1          ,7          ,384        ,0          ,0          ,7          ,0.425944042817435,7.69,0.75,0.071,0.0,0.0,0.178,0,97032240,'N',2020,22,0,0,'Chamada','Aluno Regular','Regular'
'202111378',2021,,'1. Semestre','M',2,30,'BRANCA','Não informado',2,4,-1,'N',0.0,0.0, 'F', 'F', 'F','Pública',?,?,?,?,?,?,?,?,0,10,2,0,1,0,2,15,0.19,-1,3.75, 'Nao', 'F', 'F',?,0,0,?,?,603.80,607.70,576.00,724.80,580.00,2,?,?,?,?,?,9          ,-0.605630769474086,0.17,0.0,0.666,0.133,0.0,0.133,0,97015440,'N',2014,28,0,2,'Listão','Aluno Regular','Regular'
'202312118',2023,,'1. Semestre','M',1,21,'BRANCA','Não informado',0,2,1,'N',0.0,0.0, 'F', 'F', 'F','Privada',?,?,?,?,?,?,?,?,2,3,0,0,0,0,3,8,4.29,-1,1.0, 'Nao', 'F', 'F',?,0,0,?,?,531.60,615.60,572.00,639.80,900.00,2,?,?,?,?,?,?,-0.1865988876486946,4.18,0.25,0.375,0.0,0.0,0.375,1,97015320,'N',2023,21,0,0,'Chamada','Aluno Regular','Regular'
'202211715',2022,,'1. Semestre','M',1,22,'BRANCA','Não informado',1,4,1,'N',0.0,0.0, 'F', 'F', 'F','Privada',?,?,?,?,?,?,?,?,15,1,0,0,0,1,6,23,7.74,1,11.5, 'Nao', 'F', 'F',?,0,0,?,?,574.10,582.30,593.70,693.80,620.00,2,?,?,?,?,?,6          ,0.4602870095869678,7.64,0.652,0.043,0.0,0.0,0.26,0,97015121,'N',2022,20,0,0,'Chamada','Aluno Regular','Regular'
'2019510421',2019,,'1. Semestre','M',2,25,'BRANCA','Solteiro(a)',4,6,-3,'N',2.0,0.0, 'T', 'F', 'F','Privada',?,?,?,?,?,?,?,?,15,4,2,7,0,0,3,31,6.35,0,3.87, 'Nao', 'F', 'F',?,0,0,?,?,?,?,?,?,?,3,?,?,?,?,?,1          ,0.1895866078949424,6.56,0.483,0.129,0.064,0.225,0.096,1,97045440,'N',2015,21,0,1,'Listão','Aluno Regular','Regular'
'202111406',2021,,'1. Semestre','M',1,20,'BRANCA','Não informado',2,6,1,'N',151.0,0.0, 'T', 'F', 'F','Pública',?,?,?,?,?,?,?,?,25,1,0,0,0,0,7,33,8.14,1,8.25, 'Nao', 'F', 'F',?,0,0,?,?,582.30,631.20,608.60,686.70,620.00,1,?,?,?,?,?,4          ,0.4552335550792244,8.09,0.757,0.03,0.0,0.0,0.212,1,97105300,'N',2021,18,0,0,'Listão','Aluno Regular','Regular'
'201910904',2019,,'1. Semestre','F',1,23,'BRANCA','Não informado',4,6,-3,'S',15.0,0.0, 'F', 'F', 'F','Pública',?,?,?,?,?,?,?,?,19,9,1,0,0,0,6,35,5.15,0,4.37, 'Nao', 'F', 'F',?,0,0,?,?,582.30,656.90,541.60,505.40,720.00,2,1          ,5          ,221        ,0          ,0          ,9          ,0.1166803890064789,5.08,0.542,0.257,0.028,0.0,0.171,0,97340000,'S',2019,18,0,0,'Listão','Aluno Regular','Regular'
'202211203',2022,,'1. Semestre','M',1,22,'BRANCA','Não informado',1,4,1,'N',1.0,0.0, 'F', 'F', 'F','Privada',?,?,?,?,?,?,?,?,16,0,0,1,0,0,9,26,8.45,1,13.0, 'Nao', 'F', 'F',?,0,0,?,?,659.00,641.10,658.40,795.80,700.00,3,2          ,8          ,399        ,2          ,0          ,6          ,0.6409029988158615,8.39,0.615,0.0,0.0,0.038,0.346,0,97030660,'N',2020,20,0,1,'Listão','Aluno Regular','Regular'
'201521838',2015,,'2. Semestre','M',2,29,'BRANCA','Solteiro(a)',8,6,-10,'N',0.0,0.0, 'F', 'F', 'F','Privada',?,?,?,'Boa','Regulares','Regular','Não sei responder/Não se aplica',?,8,22,19,0,0,0,6,55,2.28,-1,3.43, 'Nao', 'F', 'F',?,0,0,?,?,?,?,?,?,?,3,?,?,?,?,?,9          ,-0.340671091235883,2.49,0.145,0.4,0.345,0.0,0.109,0,97030320,'S',2015,21,0,0,'Chamada','Aluno Regular','Regular'
'201811411',2018,,'1. Semestre','M',2,24,'OUTRA','Não informado',5,6,-5,'S',24.0,1.0, 'T', 'F', 'F','Pública',?,?,?,?,?,?,?,?,23,27,0,1,0,0,5,56,3.86,-1,5.6, 'Nao', 'T', 'T', 'A',2095,1966,'06/04/2018','31/12/2023',573.50,593.30,485.90,584.80,640.00,4,5          ,3          ,348        ,1          ,0          ,6          ,-0.1826459117097553,4.22,0.41,0.482,0.0,0.017,0.089,1,93220010,'S',2018,19,0,0,'Listão','Aluno Regular','Regular'
